xc,yb,surf,section,cp
0.797794118,0,U,1,-0.126649077
0.738970588,0,U,1,-0.182058047
0.676470588,0,U,1,-0.22823219
0.619485294,0,U,1,-0.255936675
0.556985294,0,U,1,-0.283641161
0.498161765,0,U,1,-0.265171504
